prompt_id,attempt_num,outcome,error_code,error_message,inference_time
e1eafcdd-190b-487c-99d5-38c54bdb588c,1,success,,,9.887959333951585
2bd27696-67c9-46ee-a4c9-eb1043b0a85a,1,success,,,5.309347833972424
0ae5c4dd-8aa7-4796-a203-fc32d8fcaa8e,1,success,,,4.245521542034112
adea9ed1-fc05-4fbf-b81c-9658d7eebd00,1,success,,,10.482159333012532
ac880cde-d484-4cc6-910b-ef064119af11,1,success,,,33.943259082967415
66b97fa0-919b-4e59-977a-aded5761074c,1,success,,,34.089129041996785
da7e4ac7-08e7-49a1-9b3e-7f0e5a85ed2a,1,success,,,27.625496749999
78ea56e6-b8ae-4975-a440-59c85bad6b44,1,fail,,,66.77021570899524
78ea56e6-b8ae-4975-a440-59c85bad6b44,2,fail,,,64.10819524998078
78ea56e6-b8ae-4975-a440-59c85bad6b44,3,success,,,68.84544154099422
c67be31e-79ac-44cb-be3a-a75c94edf923,1,success,,,26.29759091703454
16f9efe4-65a3-4de8-95a9-9e318ffa4936,1,success,,,12.790048374969047
e974e2c9-96bd-4c25-b85f-75e87ba7f5f1,1,success,,,15.313440958037972
7e7e7b18-306b-478e-b672-1d07a3a652fd,1,success,,,22.88758391700685
8ee924b4-97d9-483b-8254-92818ce68572,1,success,,,28.54125212499639
38893e64-5754-4ae8-a0b1-d47a0b45d97a,1,success,,,66.32334016595269
5d732a2a-8f46-4041-94e4-428569a40004,1,success,,,82.84074275003513
adac31dc-fa07-4a02-8f62-d2695f7f222c,1,success,,,42.7146382079809
1d3dfbdc-1bdd-429e-9315-135783a99c0f,1,fail,,,49.498111749999225
1d3dfbdc-1bdd-429e-9315-135783a99c0f,2,success,,,73.29897670896025
3a6d0916-f09c-48b0-aa69-78554f97bb36,1,fail,,,70.6312512079603
3a6d0916-f09c-48b0-aa69-78554f97bb36,2,fail,,,76.47133187501458
3a6d0916-f09c-48b0-aa69-78554f97bb36,3,success,,,86.42942533397581
422a6892-0b17-46e4-b238-90540ddec9ac,1,fail,,,32.356406292004976
422a6892-0b17-46e4-b238-90540ddec9ac,2,fail,,,85.49359175004065
422a6892-0b17-46e4-b238-90540ddec9ac,3,fail,,,52.05683070898522
422a6892-0b17-46e4-b238-90540ddec9ac,4,success,,,88.11270216701087
b53c0040-df65-4fb2-b3bb-25097cb7b0b9,1,success,,,28.782721458002925
0aa5a589-1a16-4131-a30f-3fcf64c4df5a,1,fail,,,72.95914641697891
0aa5a589-1a16-4131-a30f-3fcf64c4df5a,2,fail,,,84.68733191699721
0aa5a589-1a16-4131-a30f-3fcf64c4df5a,3,fail,,,46.45794279099209
0aa5a589-1a16-4131-a30f-3fcf64c4df5a,4,fail,,,87.07221466599731
764c1d08-36db-4cd3-8993-83ec61ac95fd,1,success,,,7.150688333960716
175fad1f-0752-4e0f-bc24-ce39d534e706,1,success,,,31.08677258400712
65a0f993-9228-4bef-8019-6bdc651744f9,1,success,,,1.9318106249556877
b843e4da-1689-4efe-bc20-e8b20f2afab2,1,success,,,2.5547090410254896
